channel,mean,std
0,111.69316878208339,71.49572427450656
1,113.35122716504164,69.52464822711256
2,112.83543062163515,70.21114959833946
