channel,mean,std
0,111.43744870230701,70.50310149307971
1,112.25673781333185,68.77729711755852
2,111.35457363991793,69.71293266416272
