,loss,val_loss
0,0.019114913418889046,0.004138321150094271
1,0.002773570129647851,0.007338122930377722
2,0.0014570773346349597,0.009279388934373856
